city,country_code
zolotinka,ru
provideniya,ru
salalah,om
pevek,ru
jamestown,sh
rikitea,pf
eyrarbakki,is
ushuaia,ar
urengoy,ru
andros town,bs
isangel,vu
mataura,pf
altay,cn
venado tuerto,ar
riyadh,sa
vostok,ru
mitsamiouli,km
lebu,cl
ushuaia,ar
taolanaro,mg
ust-ilimsk,ru
ndioum,sn
elliot lake,ca
barrow,us
grindavik,is
foumban,cm
dwarka,in
puerto ayora,ec
airai,pw
barrow,us
nizhneyansk,ru
albany,au
namibe,ao
ponta do sol,pt
hilo,us
sentyabrskiy,ru
bubaque,gw
carnarvon,au
asfi,ma
kahului,us
alice springs,au
longyearbyen,sj
saskylakh,ru
saskylakh,ru
nizwa,om
necochea,ar
ribeira grande,pt
piacabucu,br
madang,pg
albany,au
nuuk,gl
ushuaia,ar
tiksi,ru
mlowo,tz
kodiak,us
bredasdorp,za
arraial do cabo,br
perama,gr
mataura,pf
media luna,cu
erzin,ru
vila franca do campo,pt
punta arenas,cl
yulara,au
ocho rios,jm
albany,au
broken hill,au
bluff,nz
busselton,au
vaini,to
makakilo city,us
necochea,ar
hobyo,so
louisbourg,ca
port lincoln,au
provideniya,ru
poum,nc
kumeny,ru
vaini,to
longyearbyen,sj
port alfred,za
albany,au
tumannyy,ru
lubango,ao
rio brilhante,br
santa rosa,bo
nefteyugansk,ru
hobart,au
morar,in
isangel,vu
latehar,in
saint george,bm
hobart,au
ushuaia,ar
rikitea,pf
qaanaaq,gl
kodiak,us
batagay,ru
ushuaia,ar
thompson,ca
laguna,br
port hardy,ca
ponta do sol,cv
pilao arcado,br
vaini,to
bluff,nz
georgetown,gy
barrow,us
new norfolk,au
taolanaro,mg
oranjemund,na
ushuaia,ar
hilo,us
jalu,ly
arraial do cabo,br
mataura,pf
corner brook,ca
jamestown,sh
rikitea,pf
saryshagan,kz
souillac,mu
labutta,mm
ribeira grande,pt
sur,om
bluff,nz
banjar,id
punta arenas,cl
ushuaia,ar
bredasdorp,za
mataura,pf
mahebourg,mu
cape town,za
mataura,pf
arraial do cabo,br
avarua,ck
busselton,au
jamestown,sh
san luis,mx
khatanga,ru
bredasdorp,za
attawapiskat,ca
kalabo,zm
busselton,au
lanzhou,cn
brooks,ca
avera,pf
attawapiskat,ca
jardim,br
bourail,nc
hilo,us
ialibu,pg
sao filipe,cv
bluff,nz
ambulu,id
liyang,cn
hermanus,za
kaitangata,nz
tasiilaq,gl
dikson,ru
cam pha,vn
ushuaia,ar
talara,pe
ushuaia,ar
atuona,pf
illoqqortoormiut,gl
puerto leguizamo,co
cabo san lucas,mx
qaanaaq,gl
tasiilaq,gl
busselton,au
kungurtug,ru
amderma,ru
port-gentil,ga
busselton,au
domoni,km
bukama,cd
barentsburg,sj
jamestown,sh
punta arenas,cl
nikolskoye,ru
moron,mn
mar del plata,ar
mecca,sa
lagoa,pt
selma,us
sioux lookout,ca
katsuura,jp
hilo,us
kinshasa,cd
isla mujeres,mx
bluff,nz
attawapiskat,ca
pangnirtung,ca
qurayyat,om
russell,nz
rikitea,pf
yellowknife,ca
rikitea,pf
mar del plata,ar
baglung,np
corinth,us
san cristobal,ec
batemans bay,au
cabo san lucas,mx
buarcos,pt
chapais,ca
mahebourg,mu
busselton,au
albany,au
cabedelo,br
zhuhai,cn
nanortalik,gl
kenora,ca
kashan,ir
kieta,pg
attawapiskat,ca
coos bay,us
butaritari,ki
margate,za
saskylakh,ru
aklavik,ca
carnarvon,au
punta arenas,cl
nikolskoye,ru
rikitea,pf
chahuites,mx
sorland,no
ilulissat,gl
vaini,to
avera,pf
saint george,bm
harper,lr
samusu,ws
illoqqortoormiut,gl
cidreira,br
punta arenas,cl
dwarka,in
cockburn town,tc
vila franca do campo,pt
illoqqortoormiut,gl
yellowknife,ca
jamestown,sh
boueni,yt
antalaha,mg
straumen,no
roald,no
cherskiy,ru
georgetown,sh
olafsvik,is
arraial do cabo,br
sorong,id
albany,au
qaqortoq,gl
guryevsk,ru
jamestown,sh
makhinjauri,ge
shangrao,cn
morro bay,us
cabo san lucas,mx
georgetown,sh
harbin,cn
hastings,nz
raudeberg,no
katsuura,jp
rikitea,pf
oyon,pe
chokurdakh,ru
umzimvubu,za
bluff,nz
bredasdorp,za
hilo,us
bredasdorp,za
green river,us
mar del plata,ar
lebu,cl
new norfolk,au
orlik,ru
airai,pw
hilo,us
punta arenas,cl
kenora,ca
mocambique,mz
kapaa,us
lolua,tv
xuddur,so
rikitea,pf
new norfolk,au
mataura,pf
diffa,ne
qaanaaq,gl
atuona,pf
mataura,pf
rikitea,pf
saldanha,za
georgetown,sh
lebu,cl
rikitea,pf
attawapiskat,ca
khatanga,ru
amderma,ru
rikitea,pf
xuddur,so
rikitea,pf
albany,au
laguna,br
faanui,pf
thompson,ca
albany,au
weligama,lk
ballina,ie
ocara,br
busselton,au
silver city,us
hermanus,za
erenhot,cn
punta arenas,cl
otavi,na
hermanus,za
cayenne,gf
chuy,uy
rikitea,pf
new norfolk,au
punta arenas,cl
bluff,nz
atuona,pf
kodiak,us
punta arenas,cl
khatanga,ru
nikolskoye,ru
margate,za
kazerun,ir
nikolskoye,ru
albany,au
umzimvubu,za
hobart,au
ushuaia,ar
dikson,ru
tonj,sd
adre,td
dikson,ru
arraial do cabo,br
barentsburg,sj
warqla,dz
thompson,ca
east london,za
atuona,pf
iskateley,ru
ushuaia,ar
bolungarvik,is
punta arenas,cl
geraldton,au
plouzane,fr
dunedin,nz
attawapiskat,ca
ilo,pe
jagdalpur,in
punta arenas,cl
arraial do cabo,br
alice springs,au
hermanus,za
bluff,nz
pisco,pe
ushuaia,ar
butaritari,ki
flinders,au
rikitea,pf
raudeberg,no
faanui,pf
bluff,nz
bredasdorp,za
rikitea,pf
hasaki,jp
hamilton,bm
illoqqortoormiut,gl
arraial do cabo,br
gushikawa,jp
phan thiet,vn
burnie,au
port elizabeth,za
dingle,ie
punta arenas,cl
caldelas,pt
coahuayana,mx
sarab,ir
saint anthony,ca
atuona,pf
hilo,us
ushuaia,ar
belushya guba,ru
tura,ru
avarua,ck
ushuaia,ar
bredasdorp,za
ciras,af
kortkeros,ru
mataura,pf
codrington,ag
kazalinsk,kz
novo cruzeiro,br
voh,nc
tiksi,ru
bluff,nz
atuona,pf
tambacounda,sn
manono,cd
great falls,us
punta arenas,cl
xining,cn
tasiilaq,gl
victoria,sc
voh,nc
qaqortoq,gl
mehamn,no
punta arenas,cl
thompson,ca
busselton,au
port augusta,au
yabrud,sy
tasiilaq,gl
kurilsk,ru
punta arenas,cl
katsuura,jp
hazorasp,uz
port alfred,za
pevek,ru
buluang,ph
kuche,cn
yefimovskiy,ru
hasaki,jp
thompson,ca
pietersburg,za
viligili,mv
taolanaro,mg
ushuaia,ar
morondava,mg
mys shmidta,ru
langsa,id
inuvik,ca
ribas do rio pardo,br
hobart,au
yellowknife,ca
sogdiondon,ru
beringovskiy,ru
yerkoy,tr
port hardy,ca
mar del plata,ar
vaini,to
hobart,au
louisbourg,ca
punta arenas,cl
amderma,ru
belushya guba,ru
qaanaaq,gl
saskylakh,ru
bell ville,ar
mandalgovi,mn
sterlibashevo,ru
hilo,us
nizhneyansk,ru
ushuaia,ar
hermanus,za
talnakh,ru
barrow,us
bluff,nz
chino valley,us
avarua,ck
nizhneyansk,ru
upernavik,gl
alice springs,au
tuktoyaktuk,ca
purpe,ru
rikitea,pf
saint-philippe,re
kamenka,ru
atuona,pf
punta arenas,cl
rikitea,pf
mixtepec,mx
chumikan,ru
saleaula,ws
guerrero negro,mx
albany,au
sambava,mg
kodiak,us
sao sebastiao,br
lagoa,pt
barrow,us
tasiilaq,gl
jamestown,sh
saint george,bm
norman wells,ca
mataura,pf
zamora,es
quatre cocos,mu
port alfred,za
hobart,au
oranjestad,aw
mataura,pf
alice springs,au
aguimes,es
rikitea,pf
westport,ie
khatanga,ru
cape town,za
port elizabeth,za
makakilo city,us
cape town,za
mount isa,au
nikolskoye,ru
busselton,au
taolanaro,mg
vardo,no
punta arenas,cl
mataura,pf
ilulissat,gl
ouadda,cf
ouadda,cf
caraz,pe
castro,cl
busselton,au
albany,au
kaitangata,nz
qaanaaq,gl
rikitea,pf
rikitea,pf
manoel urbano,br
albany,au
port elizabeth,za
taolanaro,mg
busselton,au
talnakh,ru
samusu,ws
butaritari,ki
barrow,us
jacareacanga,br
tazovskiy,ru
torbay,ca
thompson,ca
atuona,pf
thompson,ca
airai,pw
te anau,nz
kirakira,sb
atuona,pf
kamenskoye,ru
comodoro rivadavia,ar
wagga wagga,au
mingaora,pk
rikitea,pf
yellowknife,ca
hilo,us
rikitea,pf
saint-augustin,ca
castro,cl
karpathos,gr
port elizabeth,za
punjai puliyampatti,in
mar del plata,ar
arraial do cabo,br
naze,jp
tanshui,tw
carnarvon,au
pevek,ru
carnarvon,au
coria,es
strezhevoy,ru
palabuhanratu,id
east london,za
ushuaia,ar
bethel,us
cabo san lucas,mx
bethel,us
mataura,pf
linjiang,cn
lephepe,bw
kerrobert,ca
bengkulu,id
yulara,au
cherskiy,ru
husavik,is
vaini,to
caravelas,br
mataura,pf
beloha,mg
georgetown,sh
kapaa,us
vaini,to
viedma,ar
yellowknife,ca
la rioja,ar
chokurdakh,ru
pevek,ru
port elizabeth,za
banepa,np
albany,au
hithadhoo,mv
pevek,ru
andenes,no
taolanaro,mg
mataura,pf
jamestown,sh
sentyabrskiy,ru
atuona,pf
hilo,us
quelimane,mz
torbay,ca
mahebourg,mu
atuona,pf
mehamn,no
yeola,in
rikitea,pf
afmadu,so
saint george,bm
rikitea,pf
thompson,ca
kaitangata,nz
avarua,ck
sentyabrskiy,ru
butaritari,ki
bluff,nz
isiolo,ke
punta arenas,cl
brae,gb
constitucion,mx
morro da fumaca,br
mataura,pf
tasiilaq,gl
hobart,au
hithadhoo,mv
albany,au
bathsheba,bb
bichura,ru
iqaluit,ca
hobart,au
jamestown,sh
yellowknife,ca
severo-kurilsk,ru
hwange,zw
sinnamary,gf
rikitea,pf
shanhetun,cn
alofi,nu
bluff,nz
bluff,nz
atuona,pf
bereznik,ru
nabire,id
shrewsbury,gb
araouane,ml
quatre cocos,mu
nabire,id
irtyshskiy,ru
saint george,bm
carnarvon,au
cape town,za
chokurdakh,ru
busselton,au
sao jose da coroa grande,br
khatanga,ru
vaitupu,wf
punta arenas,cl
butaritari,ki
linden,gy
buala,sb
iqaluit,ca
kavaratti,in
taolanaro,mg
goma,cd
cape town,za
port alfred,za
samusu,ws
avarua,ck
tasiilaq,gl
hirara,jp
port alfred,za
illoqqortoormiut,gl
carnarvon,au
yellowknife,ca
arraial do cabo,br
kodiak,us
xining,cn
barrow,us
yellowknife,ca
hasaki,jp
cape town,za
manati,cu
punta arenas,cl
punta arenas,cl
vao,nc
tasiilaq,gl
mar del plata,ar
asau,tv
namibe,ao
thompson,ca
sundsvall,se
albany,au
hami,cn
vanavara,ru
gat,ly
mataura,pf
butaritari,ki
sao filipe,cv
khatanga,ru
kovur,in
belyy yar,ru
taolanaro,mg
albany,au
pevek,ru
merauke,id
haibowan,cn
bundaberg,au
iquique,cl
ushuaia,ar
hasaki,jp
ushuaia,ar
vila franca do campo,pt
mataura,pf
cairns,au
poshekhonye,ru
yulara,au
castro,cl
isa khel,pk
bluff,nz
richards bay,za
hobart,au
mar del plata,ar
qaanaaq,gl
lagoa,pt
saskylakh,ru
albany,au
sioux lookout,ca
grand river south east,mu
severodvinsk,ru
albany,au
callaway,us
rikitea,pf
punta arenas,cl
hermanus,za
cabo san lucas,mx
illoqqortoormiut,gl
upernavik,gl
dikson,ru
iralaya,hn
avarua,ck
ust-tsilma,ru
batagay-alyta,ru
kieta,pg
pauini,br
tuatapere,nz
salalah,om
cherskiy,ru
tura,ru
kaeo,nz
kapaa,us
barrow,us
punta de piedra,hn
rikitea,pf
pisco,pe
bluff,nz
taoudenni,ml
lincoln,nz
provideniya,ru
patti,in
richards bay,za
preobrazheniye,ru
tsihombe,mg
avarua,ck
soto la marina,mx
namibe,ao
butaritari,ki
lolua,tv
kapaa,us
arraial do cabo,br
kaitangata,nz
hermanus,za
illoqqortoormiut,gl
sabang,id
hermanus,za
atuona,pf
bolungarvik,is
bosaso,so
chara,ru
kapaa,us
mataura,pf
punta arenas,cl
rikitea,pf
mataura,pf
hobart,au
mataura,pf
golden,ca
jamestown,sh
kodiak,us
puerto ayora,ec
chuy,uy
kalmanka,ru
hualmay,pe
lorengau,pg
mataura,pf
khandyga,ru
miles city,us
albany,au
mataura,pf
bouloupari,nc
barentsburg,sj
taolanaro,mg
richards bay,za
padang,id
chokurdakh,ru
atuona,pf
dali,cn
albany,au
rocha,uy
kapaa,us
punta arenas,cl
hithadhoo,mv
punta arenas,cl
saijo,jp
dikson,ru
inuvik,ca
cidreira,br
qaanaaq,gl
port-gentil,ga
dikson,ru
north vanlaiphai,in
buraydah,sa
port blair,in
castro,cl
rocha,uy
port hardy,ca
port hedland,au
sentyabrskiy,ru
te anau,nz
puerto ayora,ec
sola,vu
chowchilla,us
tuktoyaktuk,ca
chokurdakh,ru
tsogni,ga
aklavik,ca
bluff,nz
zhigalovo,ru
novaya bryan,ru
busselton,au
mormugao,in
barrow,us
jamestown,sh
illoqqortoormiut,gl
barrow,us
naze,jp
mar del plata,ar
wiang sa,th
mar del plata,ar
hithadhoo,mv
puerto escondido,mx
jamestown,sh
bluff,nz
port alfred,za
dickinson,us
punta arenas,cl
chuy,uy
bredasdorp,za
saint anthony,ca
kapaa,us
shush,ir
hobart,au
dakar,sn
yakeshi,cn
meiganga,cm
boda,cf
hilo,us
kapaa,us
mataura,pf
tasiilaq,gl
hermanus,za
vaini,to
jamestown,sh
fare,pf
cape town,za
saint-philippe,re
hobart,au
changji,cn
busselton,au
ust-karsk,ru
rikitea,pf
taoudenni,ml
bluff,nz
new norfolk,au
panaba,mx
bandarbeyla,so
oktyabrskiy,ru
jamestown,sh
nikolskoye,ru
saskylakh,ru
east london,za
punta arenas,cl
punta arenas,cl
mergui,mm
busselton,au
constitucion,mx
rikitea,pf
belushya guba,ru
emerald,au
torbay,ca
yellowknife,ca
hilo,us
punta arenas,cl
holme,no
mrirt,ma
margate,za
bredasdorp,za
dikson,ru
kirakira,sb
saint-philippe,re
busselton,au
el faiyum,eg
vardo,no
attawapiskat,ca
dongning,cn
busselton,au
mataura,pf
monaragala,lk
puerto ayora,ec
robe,et
jamestown,sh
georgetown,sh
severo-kurilsk,ru
polessk,ru
hualmay,pe
rikitea,pf
busselton,au
qaanaaq,gl
kavieng,pg
tiksi,ru
atuona,pf
vaini,to
sol-iletsk,ru
hermanus,za
rikitea,pf
luis correia,br
caravelas,br
beloha,mg
butaritari,ki
kodiak,us
kaka,tm
nome,us
qaanaaq,gl
busselton,au
kibala,ao
barrow,us
vaini,to
surt,ly
linguere,sn
ushuaia,ar
tuatapere,nz
severo-kurilsk,ru
aklavik,ca
naberera,tz
pangnirtung,ca
albany,au
busselton,au
butaritari,ki
port-cartier,ca
kapaa,us
punta arenas,cl
mar del plata,ar
kruisfontein,za
karoi,zw
torbay,ca
chokurdakh,ru
narsaq,gl
klaksvik,fo
kapaa,us
ushuaia,ar
barentsburg,sj
illoqqortoormiut,gl
kamenskoye,ru
lashio,mm
longyearbyen,sj
dikson,ru
bethel,us
illoqqortoormiut,gl
bluff,nz
mackenzie,ca
rikitea,pf
mogadishu,so
busselton,au
vargashi,ru
hobart,au
manzanillo,mx
hobart,au
castro,cl
busselton,au
ushuaia,ar
attawapiskat,ca
port alfred,za
rikitea,pf
avera,pf
dikson,ru
saldanha,za
klaksvik,fo
karachi,pk
sentyabrskiy,ru
bafia,cm
quelimane,mz
uray,ru
jimma,et
cidreira,br
atuona,pf
upernavik,gl
mataura,pf
innisfail,au
lagoa,pt
mataura,pf
castro,cl
lazaro cardenas,mx
albany,au
pascagoula,us
bredasdorp,za
rikitea,pf
richards bay,za
nikolskoye,ru
taolanaro,mg
punta arenas,cl
kaifeng,cn
dutse,ng
nisia floresta,br
klaksvik,fo
rikitea,pf
zapolyarnyy,ru
lompoc,us
hilo,us
drumnadrochit,gb
bredasdorp,za
aosta,it
tuggurt,dz
punta arenas,cl
half moon bay,us
yellowknife,ca
oranjemund,na
ballina,au
puerto penasco,mx
araouane,ml
palo negro,ve
nanortalik,gl
mar del plata,ar
bilibino,ru
hithadhoo,mv
rikitea,pf
geraldton,au
jamestown,sh
ushuaia,ar
manadhoo,mv
albany,au
kapaa,us
cidreira,br
burnie,au
bambous virieux,mu
codrington,ag
coahuayana,mx
emporia,us
hermanus,za
tiksi,ru
cape town,za
busselton,au
illoqqortoormiut,gl
east london,za
mataura,pf
fortuna,us
punta arenas,cl
tessalit,ml
kruisfontein,za
ostrovnoy,ru
jardim,br
tuktoyaktuk,ca
carman,ca
alice springs,au
butaritari,ki
izhma,ru
cape town,za
hobart,au
mogadishu,so
salalah,om
pevek,ru
taolanaro,mg
new norfolk,au
pisco,pe
hobart,au
aitape,pg
taoudenni,ml
dikson,ru
nemuro,jp
nikolskoye,ru
cape town,za
olinda,br
wodonga,au
dumas,us
milingimbi,au
ushuaia,ar
butaritari,ki
caravelas,br
punta arenas,cl
dali,cn
matamoros,mx
busselton,au
busselton,au
avarua,ck
dolbeau,ca
souillac,mu
kapaa,us
vila velha,br
lompoc,us
saint-philippe,re
dingle,ie
attawapiskat,ca
torbay,ca
atuona,pf
sorvag,fo
severnyy,ru
punta arenas,cl
port elizabeth,za
busselton,au
kirkenaer,no
walvis bay,na
nome,us
new norfolk,au
provideniya,ru
santa rosalia,mx
ayan,ru
vaini,to
albany,au
tsihombe,mg
airai,pw
kaitangata,nz
iqaluit,ca
tsihombe,mg
ossora,ru
ancud,cl
pangnirtung,ca
marcona,pe
belushya guba,ru
sangmelima,cm
sorland,no
san carlos de bariloche,ar
oskarshamn,se
bethel,us
nerl,ru
ushuaia,ar
qaanaaq,gl
tuktoyaktuk,ca
vicuna,cl
kahului,us
jamestown,sh
kungurtug,ru
pangnirtung,ca
faanui,pf
guerrero negro,mx
ahipara,nz
saskylakh,ru
udachnyy,ru
yellowknife,ca
san patricio,mx
vaini,to
grand-santi,gf
yanan,cn
new norfolk,au
saint george,bm
sosnovo-ozerskoye,ru
brae,gb
celestun,mx
belushya guba,ru
bluff,nz
pevek,ru
atuona,pf
hobart,au
illoqqortoormiut,gl
mys shmidta,ru
avarua,ck
qaqortoq,gl
barentsburg,sj
barrow,us
samarai,pg
east london,za
mlonggo,id
adelaide,au
east london,za
dasoguz,tm
albany,au
hithadhoo,mv
rikitea,pf
bonthe,sl
gagra,ge
butaritari,ki
puerto ayora,ec
bambous virieux,mu
upernavik,gl
vaitupu,wf
jamestown,sh
mataura,pf
punta arenas,cl
port alfred,za
vikulovo,ru
mahebourg,mu
provideniya,ru
sistranda,no
leshukonskoye,ru
new norfolk,au
san ramon,bo
ambilobe,mg
rikitea,pf
kaitangata,nz
namibe,ao
kodiak,us
mataura,pf
bethel,us
vardo,no
teguldet,ru
avarua,ck
felanitx,es
vaitupu,wf
yellowknife,ca
lavrentiya,ru
albany,au
kapaa,us
taolanaro,mg
mar del plata,ar
iqaluit,ca
kaitangata,nz
hobart,au
rawannawi,ki
jamestown,sh
puerto ayora,ec
saldanha,za
port macquarie,au
saint-philippe,re
illoqqortoormiut,gl
punta arenas,cl
rikitea,pf
iqaluit,ca
hithadhoo,mv
kapaa,us
thunder bay,ca
mapiripan,co
bonnyville,ca
avarua,ck
lompoc,us
half moon bay,us
zeya,ru
gudari,in
auki,sb
mataura,pf
aksarayskiy,ru
san andres,co
piacabucu,br
cherskiy,ru
albany,au
porto novo,cv
kapaa,us
torbay,ca
emerald,au
opuwo,na
punta arenas,cl
port alfred,za
khandyga,ru
busselton,au
barrow,us
hilo,us
kirakira,sb
port macquarie,au
samalaeulu,ws
bluff,nz
cabo san lucas,mx
souillac,mu
ahipara,nz
mataura,pf
lundazi,zm
sorland,no
salalah,om
rikitea,pf
pevek,ru
puerto ayora,ec
ushuaia,ar
taolanaro,mg
hithadhoo,mv
bluff,nz
te anau,nz
bethel,us
qaanaaq,gl
nema,ru
yellowknife,ca
vaitupu,wf
namibe,ao
xuddur,so
zhigansk,ru
halalo,wf
taolanaro,mg
karatau,kz
liverpool,ca
tuatapere,nz
velikiy ustyug,ru
east london,za
busselton,au
ribeira grande,pt
barrancas,co
sawakin,sd
te anau,nz
vestmannaeyjar,is
durusu,tr
acapulco,mx
dangriga,bz
bathsheba,bb
barra da estiva,br
busselton,au
ushuaia,ar
srednekolymsk,ru
new norfolk,au
henties bay,na
souillac,mu
rikitea,pf
rabo de peixe,pt
cherskiy,ru
chokurdakh,ru
rikitea,pf
busselton,au
mataura,pf
victoria,sc
qaanaaq,gl
makueni,ke
dong xoai,vn
balashov,ru
santa maria,cv
umm kaddadah,sd
berbera,so
hobart,au
pevek,ru
lorengau,pg
rikitea,pf
ushuaia,ar
castro,cl
mount isa,au
busselton,au
tuktoyaktuk,ca
tungkang,tw
faya,td
jiddah,sa
mataura,pf
upernavik,gl
iqaluit,ca
buckeye,us
cherskiy,ru
ostersund,se
buraydah,sa
alofi,nu
kapaa,us
butaritari,ki
esperance,au
ponta do sol,pt
tarquinia,it
udachnyy,ru
ahipara,nz
atuona,pf
cape town,za
khatanga,ru
khatanga,ru
ushuaia,ar
tiksi,ru
bethel,us
busselton,au
mataura,pf
mataura,pf
upernavik,gl
atuona,pf
chintamani,in
taolanaro,mg
ondorhaan,mn
voznesenye,ru
kapaa,us
bien hoa,vn
thompson,ca
torbay,ca
kutum,sd
tanout,ne
shimoda,jp
alofi,nu
bethel,us
mindelo,cv
longyearbyen,sj
normandin,ca
ruwi,om
mys shmidta,ru
saint-philippe,re
castro,cl
kapaa,us
uige,ao
dalby,au
saleaula,ws
ghanzi,bw
ushuaia,ar
ushuaia,ar
ushuaia,ar
rikitea,pf
rikitea,pf
puerto ayora,ec
tuktoyaktuk,ca
avarua,ck
barrow,us
spassk,ru
taolanaro,mg
powell,us
saint george,bm
vila velha,br
punta arenas,cl
saldanha,za
grand river south east,mu
hobart,au
fonte boa,br
belushya guba,ru
kodiak,us
kangaatsiaq,gl
namibe,ao
cabo san lucas,mx
port elizabeth,za
mount gambier,au
biloela,au
toftir,fo
ushuaia,ar
mbandaka,cd
mataura,pf
peterhead,gb
arraial do cabo,br
los llanos de aridane,es
mwinilunga,zm
butaritari,ki
jamestown,sh
lorengau,pg
horsham,au
belushya guba,ru
marcona,pe
bubaque,gw
butaritari,ki
punta arenas,cl
port-cartier,ca
dunedin,nz
am timan,td
aranos,na
bredasdorp,za
cayenne,gf
taolanaro,mg
attawapiskat,ca
severo-kurilsk,ru
gangotri,in
inirida,co
esperance,au
eldorado,ar
rikitea,pf
samusu,ws
sentyabrskiy,ru
port elizabeth,za
georgetown,sh
hambantota,lk
bluff,nz
punta arenas,cl
port hedland,au
vaini,to
mitu,co
avera,pf
uvinza,tz
katsuura,jp
kodiak,us
storforshei,no
verkhnyaya inta,ru
maridi,sd
barentsburg,sj
vaini,to
vaini,to
atsiki,gr
ushuaia,ar
grand river south east,mu
marawi,sd
tazovskiy,ru
narsaq,gl
beringovskiy,ru
bredasdorp,za
mitzic,ga
saint-philippe,re
amderma,ru
new norfolk,au
ushuaia,ar
puerto ayora,ec
punta arenas,cl
georgetown,sh
placido de castro,br
esperance,au
saint simons,us
vaini,to
cape town,za
bubaque,gw
atuona,pf
tasiilaq,gl
illoqqortoormiut,gl
gobabis,na
dunedin,nz
bitung,id
vaini,to
ushuaia,ar
georgetown,us
northam,au
meulaboh,id
carnarvon,au
jamestown,sh
leningradskiy,ru
port alfred,za
bull savanna,jm
busselton,au
nikolskoye,ru
punta arenas,cl
atuona,pf
port hardy,ca
paamiut,gl
vaini,to
pervomayskoye,ua
port alfred,za
hobart,au
lagoa,pt
vaini,to
nizhneyansk,ru
rikitea,pf
wenatchee,us
zakamensk,ru
rikitea,pf
jamestown,sh
ust-tsilma,ru
rikitea,pf
khao wong,th
riohacha,co
ereymentau,kz
new norfolk,au
abu zabad,sd
saldanha,za
hermanus,za
vanimo,pg
iqaluit,ca
doha,kw
saskylakh,ru
thompson,ca
east london,za
carauari,br
grand river south east,mu
ribeira grande,pt
taolanaro,mg
severo-kurilsk,ru
talcahuano,cl
ushuaia,ar
amahai,id
hongjiang,cn
hilo,us
mount isa,au
itarema,br
satitoa,ws
grand river south east,mu
bombay,in
qaanaaq,gl
albany,au
iqaluit,ca
dikson,ru
haines junction,ca
tumannyy,ru
kichmengskiy gorodok,ru
praia da vitoria,pt
faanui,pf
karakendzha,tj
acapulco,mx
carnarvon,au
bethel,us
vaini,to
mataura,pf
krasnoselkup,ru
harrisonville,us
longyearbyen,sj
taolanaro,mg
ponta delgada,pt
te anau,nz
haapsalu,ee
loandjili,cg
punta arenas,cl
tucuma,br
bengkulu,id
bluff,nz
katobu,id
praia,cv
nikolskoye,ru
barentsburg,sj
rikitea,pf
kapaa,us
chipinge,zw
camacha,pt
carnarvon,au
san carlos de bariloche,ar
bredasdorp,za
port alfred,za
butaritari,ki
muyezerskiy,ru
cabo san lucas,mx
tasiilaq,gl
viedma,ar
saskylakh,ru
punta arenas,cl
kalmunai,lk
san patricio,mx
thompson,ca
samusu,ws
busselton,au
saskylakh,ru
ponta do sol,cv
arlit,ne
busselton,au
atuona,pf
bida,ng
new norfolk,au
sechura,pe
rikitea,pf
jamestown,sh
bluff,nz
hermanus,za
busselton,au
escarcega,mx
yaya,ru
denpasar,id
pangnirtung,ca
springdale,ca
whyalla,au
klaksvik,fo
chokurdakh,ru
saint-philippe,re
hilo,us
inta,ru
georgetown,sh
moree,au
chunskiy,ru
punta arenas,cl
yerbogachen,ru
udachnyy,ru
atuona,pf
port elizabeth,za
new norfolk,au
upernavik,gl
kirkland lake,ca
kloulklubed,pw
yorkton,ca
ulaangom,mn
lixourion,gr
new norfolk,au
cape town,za
amga,ru
illoqqortoormiut,gl
peleduy,ru
pacific grove,us
zhigansk,ru
port elizabeth,za
barentsburg,sj
palmer,us
aflu,dz
airai,pw
zheleznodorozhnyy,ru
uthal,pk
guangyuan,cn
mahebourg,mu
ostrovnoy,ru
yulara,au
satitoa,ws
belushya guba,ru
chuy,uy
hinton,ca
oistins,bb
dawei,mm
nizhneyansk,ru
tasiilaq,gl
hami,cn
tiksi,ru
upernavik,gl
chuy,uy
olafsvik,is
marawi,sd
saint george,bm
qaanaaq,gl
georgetown,sh
port augusta,au
maumere,id
sungai siput utara,my
bluff,nz
mae sai,th
abdulino,ru
atuona,pf
olinda,br
ranong,th
jinchang,cn
arraial do cabo,br
busselton,au
hobart,au
arraial do cabo,br
silver city,us
rikitea,pf
avarua,ck
xuddur,so
wote,ke
qaanaaq,gl
tuktoyaktuk,ca
sentyabrskiy,ru
mount gambier,au
svetlogorsk,ru
qasigiannguit,gl
atuona,pf
port elizabeth,za
carnarvon,au
hithadhoo,mv
hervey bay,au
biak,id
tiptur,in
eydhafushi,mv
nizhneyansk,ru
naze,jp
torbay,ca
sao filipe,cv
bluff,nz
raga,sd
vila franca do campo,pt
mataura,pf
kapaa,us
hobart,au
rikitea,pf
belushya guba,ru
esperance,au
bethel,us
necochea,ar
port elizabeth,za
saint-augustin,ca
vila velha,br
cockburn town,bs
qaanaaq,gl
kibala,ao
vila velha,br
amuntai,id
lompoc,us
bengkulu,id
vostok,ru
asprovalta,gr
rikitea,pf
corralillo,cu
coihaique,cl
nhamunda,br
salalah,om
duma,sy
rikitea,pf
saskylakh,ru
bilma,ne
palakkad,in
lebu,cl
hermanus,za
kahului,us
butaritari,ki
avarua,ck
russkaya polyana,ru
geraldton,au
mantua,cu
albany,au
beyneu,kz
ushuaia,ar
high rock,bs
mys shmidta,ru
geraldton,au
busselton,au
qaanaaq,gl
poronaysk,ru
new norfolk,au
punta arenas,cl
busselton,au
vila velha,br
airai,pw
bonthe,sl
vaini,to
hithadhoo,mv
los llanos de aridane,es
hithadhoo,mv
yellowknife,ca
khatanga,ru
vaini,to
aklavik,ca
puerto ayora,ec
puerto ayora,ec
kasongo,cd
prince rupert,ca
barrow,us
mataura,pf
pevek,ru
khatanga,ru
airai,pw
plettenberg bay,za
yulara,au
ahipara,nz
ushuaia,ar
dunedin,nz
borujerd,ir
jamestown,sh
cidreira,br
iqaluit,ca
cape town,za
cape town,za
roald,no
mataura,pf
atuona,pf
atuona,pf
sainte-maxime,fr
port jervis,us
kholbon,ru
kodiak,us
thompson,ca
nikolskoye,ru
tambacounda,sn
cape town,za
yellowknife,ca
san patricio,mx
sukhumi,ge
rikitea,pf
illoqqortoormiut,gl
te anau,nz
barrow,us
laguna,br
hilo,us
grindavik,is
san cristobal,ec
port elizabeth,za
hobart,au
murgab,tm
kaitangata,nz
dikson,ru
juneau,us
ushuaia,ar
bluff,nz
thompson,ca
sentyabrskiy,ru
yellowknife,ca
kodiak,us
kapaa,us
taolanaro,mg
vila,vu
rikitea,pf
hilo,us
vaini,to
mataura,pf
kaitangata,nz
port lincoln,au
geraldton,au
kapaa,us
rikitea,pf
mataura,pf
tasiilaq,gl
albany,au
ekhabi,ru
guantanamo,cu
taolanaro,mg
hobart,au
upernavik,gl
puerto ayora,ec
albany,au
ushuaia,ar
hithadhoo,mv
ozuluama,mx
punta arenas,cl
hualmay,pe
erzin,ru
ushuaia,ar
narsaq,gl
bluff,nz
launceston,au
hobart,au
port elizabeth,za
aktau,kz
taolanaro,mg
jalu,ly
mahebourg,mu
busselton,au
albany,au
caravelas,br
jamestown,sh
rikitea,pf
chuy,uy
port elizabeth,za
cabinda,ao
rikitea,pf
busselton,au
avarua,ck
busselton,au
hilo,us
barrow,us
wajima,jp
saint-philippe,re
richards bay,za
albany,au
pavino,ru
nuuk,gl
mataura,pf
esperance,au
oktyabrskiy,ru
carnarvon,au
busselton,au
nikolskoye,ru
puerto leguizamo,co
albany,au
rawson,ar
wilmington,us
puerto ayora,ec
camapua,br
dikson,ru
atuona,pf
pundaguitan,ph
illoqqortoormiut,gl
nanortalik,gl
channel-port aux basques,ca
puerto ayora,ec
busselton,au
souillac,mu
rikitea,pf
punta arenas,cl
samusu,ws
wittstock,de
sentyabrskiy,ru
provideniya,ru
cape town,za
punta arenas,cl
tuktoyaktuk,ca
cape town,za
puerto colombia,co
ushuaia,ar
sandy bay,hn
kampot,kh
rawson,ar
lolua,tv
butaritari,ki
port elizabeth,za
bluff,nz
kamenskoye,ru
busselton,au
victoria,sc
taolanaro,mg
kapaa,us
port elizabeth,za
barrow,us
bredasdorp,za
busselton,au
busselton,au
provideniya,ru
butaritari,ki
torbay,ca
ponta do sol,pt
mahebourg,mu
tumannyy,ru
clarksburg,us
kapaa,us
puerto ayora,ec
ushuaia,ar
nizhneyansk,ru
tuktoyaktuk,ca
yasnyy,ru
belushya guba,ru
kaitangata,nz
mouila,ga
namatanai,pg
hermanus,za
new norfolk,au
soyo,ao
vanimo,pg
hay river,ca
klaksvik,fo
puerto ayora,ec
ribeira grande,pt
rikitea,pf
namatanai,pg
klaksvik,fo
kapaa,us
swan river,ca
ifanadiana,mg
san quintin,mx
aberdeen,us
khatanga,ru
punta arenas,cl
grand river south east,mu
casablanca,ma
aksarka,ru
diapaga,bf
barrow,us
busselton,au
tautira,pf
tigil,ru
naze,jp
sawtell,au
passage west,ie
nouakchott,mr
taltal,cl
ipameri,br
rikitea,pf
busselton,au
